<!-- dolphin PGA configuration file -->
<codec name="dolphin">

<!-- the profile -->
<profile name="speaker-l">
	<pga name="Master Playback Volume" bit="0" />
	<pga name="Inter PA Playback Volume" bit="4" />
	<pga name="VBC DACL DG Set" bit="16" />
	<pga name="VBC DACL DG Switch" bit="31" />
</profile>

<profile name="speaker-r">
	<pga name="Master Playback Volume" bit="0" />
	<pga name="Inter PA Playback Volume" bit="4" />
	<pga name="VBC DACR DG Set" bit="16" />
	<pga name="VBC DACR DG Switch" bit="31" />
</profile>

<profile name="headphone-l">
	<pga name="Master Playback Volume" bit="0" />
	<pga name="HeadPhone Playback Volume" bit="4" />
	<pga name="VBC DACL DG Set" bit="16" />
	<pga name="VBC DACL DG Switch" bit="31" />
</profile>

<profile name="headphone-r">
	<pga name="Master Playback Volume" bit="0" />
	<pga name="HeadPhone Playback Volume" bit="4" />
	<pga name="VBC DACR DG Set" bit="16" />
	<pga name="VBC DACR DG Switch" bit="31" />
</profile>

<profile name="headphone-spk-l">
	<pga name="Master Playback Volume" bit="0" />
	<pga name="HeadPhone Playback Volume" bit="4" />
	<pga name="Inter PA Playback Volume" bit="9" />
	<pga name="VBC DACL DG Set" bit="16" />
	<pga name="VBC DACL DG Switch" bit="31" />
</profile>

<profile name="headphone-spk-r">
	<pga name="Master Playback Volume" bit="0" />
	<pga name="HeadPhone Playback Volume" bit="4" />
	<pga name="Inter PA Playback Volume" bit="9" />
	<pga name="VBC DACR DG Set" bit="16" />
	<pga name="VBC DACR DG Switch" bit="31" />
</profile>

<profile name="earpiece">
	<pga name="Master Playback Volume" bit="0" />
	<pga name="Ear Boost Volume" bit="4" />
	<pga name="VBC DACL DG Set" bit="16" />
	<pga name="VBC DACL DG Switch" bit="31" />
</profile>

<profile name="linein-spk-l">
	<pga name="Line Playback Volume" bit="0" />
	<pga name="Inter PA Playback Volume" bit="4" />
	<pga name="VBC DACL DG Set" bit="16" />
	<pga name="VBC DACL DG Switch" bit="31" />
</profile>

<profile name="linein-spk-r">
	<pga name="Line Playback Volume" bit="0" />
	<pga name="Inter PA Playback Volume" bit="4" />
	<pga name="VBC DACR DG Set" bit="16" />
	<pga name="VBC DACR DG Switch" bit="31" />
</profile>

<profile name="linein-hp-l">
	<pga name="Line Playback Volume" bit="0" />
	<pga name="HeadPhone Playback Volume" bit="5" />
	<pga name="VBC DACL DG Set" bit="16" />
	<pga name="VBC DACL DG Switch" bit="31" />
</profile>

<profile name="linein-hp-r">
	<pga name="Line Playback Volume" bit="0" />
	<pga name="HeadPhone Playback Volume" bit="5" />
	<pga name="VBC DACR DG Set" bit="16" />
	<pga name="VBC DACR DG Switch" bit="31" />
</profile>

<profile name="capture-l">
	<pga name="Capture Volume" bit="0" />
	<pga name="Mic Boost Volume" bit="4" />
	<pga name="VBC ADCL DG Set" bit="8" />
	<pga name="VBC ADCL DG Switch" bit="15" />
</profile>

<profile name="capture-r">
	<pga name="Capture Volume" bit="0" />
	<pga name="Mic Boost Volume" bit="4" />
	<pga name="VBC ADCR DG Set" bit="8" />
	<pga name="VBC ADCR DG Switch" bit="15" />
</profile>

<profile name="linein-capture-l">
	<pga name="Capture Volume" bit="0" />
	<pga name="Mic Boost Volume" bit="4" />
	<pga name="LineinRec Capture Volume" bit="5" />
	<pga name="VBC ADCL DG Set" bit="8" />
	<pga name="VBC ADCL DG Switch" bit="15" />
</profile>

<profile name="linein-capture-r">
	<pga name="Capture Volume" bit="0" />
	<pga name="Mic Boost Volume" bit="4" />
	<pga name="LineinRec Capture Volume" bit="5" />
	<pga name="VBC ADCR DG Set" bit="8" />
	<pga name="VBC ADCR DG Switch" bit="15" />
</profile>
<!-- added for voip mode -->
		<!--VoIP Earpiece(RCV) mode -->
<profile name="VoIP-RCV-Rx">
        <pga name="Master Playback Volume" bit="0" />
	<pga name="Ear Boost Volume" bit="4" />
	<pga name="VBC DACL DG Set" bit="16" />
	<pga name="VBC DACL DG Switch" bit="31" />
</profile>

<profile name="VoIP-RCV-l-Tx">
	<pga name="Capture Volume" bit="0" />
	<pga name="Mic Boost Volume" bit="4" />
	<pga name="VBC ADCL DG Set" bit="8" />
	<pga name="VBC ADCL DG Switch" bit="15" />
</profile>

<profile name="VoIP-RCV-l-Tx">
	<pga name="Capture Volume" bit="0" />
	<pga name="Mic Boost Volume" bit="4" />
	<pga name="VBC ADCR DG Set" bit="8" />
	<pga name="VBC ADCR DG Switch" bit="15" />
</profile>


    <!-- VoIP SPK mode -->
<profile name="VoIP-speaker-l-Rx">
      <pga name="Master Playback Volume" bit="0" />
      <pga name="Inter PA Playback Volume" bit="4" />
      <pga name="VBC DACL DG Set" bit="16" />
      <pga name="VBC DACL DG Switch" bit="31" />
</profile>

<profile name="VoIP-speaker-r-Rx">
		<pga name="Master Playback Volume" bit="0" />
		<pga name="Inter PA Playback Volume" bit="4" />
 		<pga name="VBC DACL DG Set" bit="16" />
 		<pga name="VBC DACL DG Switch" bit="31" />
</profile>

<profile name="VoIP-SPK-l-Tx">
	<pga name="Capture Volume" bit="0" />
	<pga name="Mic Boost Volume" bit="4" />
	<pga name="VBC ADCL DG Set" bit="8" />
	<pga name="VBC ADCL DG Switch" bit="15" />
</profile>

<profile name="VoIP-SPK-r-Tx">	
	<pga name="Capture Volume" bit="0" />
	<pga name="Mic Boost Volume" bit="4" />
	<pga name="VBC ADCL DG Set" bit="8" />
	<pga name="VBC ADCL DG Switch" bit="15" />
</profile>

		<!-- VoIP Headset mode -->
<profile name="VoIP-headphone-l-Rx">
	<pga name="Master Playback Volume" bit="0" />
	<pga name="HeadPhone Playback Volume" bit="4" />
	<pga name="VBC DACL DG Set" bit="16" />
	<pga name="VBC DACL DG Switch" bit="31" />
</profile>

<profile name="VoIP-headphone-r-Rx">
	<pga name="Master Playback Volume" bit="0" />
	<pga name="HeadPhone Playback Volume" bit="4" />
	<pga name="VBC DACL DG Set" bit="16" />
	<pga name="VBC DACL DG Switch" bit="31" />
</profile>

<profile name="VoIP-headphone-l-Tx">
	<pga name="Capture Volume" bit="0" />
	<pga name="Mic Boost Volume" bit="4" />
	<pga name="VBC ADCL DG Set" bit="8" />
	<pga name="VBC ADCL DG Switch" bit="15" />
</profile>

<profile name="VoIP-headphone-r-Tx">
	<pga name="Capture Volume" bit="0" />
	<pga name="Mic Boost Volume" bit="4" />
	<pga name="VBC ADCL DG Set" bit="8" />
	<pga name="VBC ADCL DG Switch" bit="15" />
</profile>


<!-- added done -->


<!-- the configuration PGA is the physical vaule -->
<attribute>
<!-- DO NOT modify the mixer attribute -->
	<mixer name="Master Playback Volume">
		<attr max="15" inverse="1" />
	</mixer>

	<mixer name="HeadPhone Playback Volume">
		<attr max="31" inverse="1" />
	</mixer>

	<mixer name="Line Playback Volume">
		<attr max="19" inverse="0" />
	</mixer>

	<mixer name="LineinRec Capture Volume">
		<attr max="7" inverse="0" />
	</mixer>

	<mixer name="Inter PA Playback Volume">
		<attr max="15" inverse="0" />
	</mixer>

	<mixer name="Ear Boost Volume">
		<attr max="1" inverse="0" />
	</mixer>

	<mixer name="Capture Volume">
		<attr max="15" inverse="0" />
	</mixer>

	<mixer name="Mic Boost Volume">
		<attr max="1" inverse="0" />
	</mixer>

	<mixer name="VBC DACL DG Set">
		<attr max="127" inverse="0" />
	</mixer>

	<mixer name="VBC DACR DG Set">
		<attr max="127" inverse="0" />
	</mixer>

	<mixer name="VBC DACL DG Switch">
		<attr max="1" inverse="0" />
	</mixer>

	<mixer name="VBC DACR DG Switch">
		<attr max="1" inverse="0" />
	</mixer>

	<mixer name="VBC ADCL DG Set">
		<attr max="127" inverse="0" />
	</mixer>

	<mixer name="VBC ADCR DG Set">
		<attr max="127" inverse="0" />
	</mixer>

	<mixer name="VBC ADCL DG Switch">
		<attr max="1" inverse="0" />
	</mixer>

	<mixer name="VBC ADCR DG Switch">
		<attr max="1" inverse="0" />
	</mixer>
</attribute>

</codec>
