<?xml version="1.0" encoding="utf-8"?>
<!-- Copyright (C) 2010 The Android Open Source Project

     Licensed under the Apache License, Version 2.0 (the "License");
     you may not use this file except in compliance with the License.
     You may obtain a copy of the License at

          http://www.apache.org/licenses/LICENSE-2.0

     Unless required by applicable law or agreed to in writing, software
     distributed under the License is distributed on an "AS IS" BASIS,
     WITHOUT WARRANTIES OR CONDITIONS OF ANY KIND, either express or implied.
     See the License for the specific language governing permissions and
     limitations under the License.
-->

<list>
  <key>streams</key>
  <array>
    <string>in call</string>
    <string>system</string>
    <string>ring</string>
    <string>music</string>
    <string>alarm</string>
    <string>notification</string>
    <string>bluetooth sco</string>
    <string>enforced audible</string>
    <string>dtmf</string>
    <string>tts</string>
    <string>fm</string>
  </array>
  <key>devices</key>
  <array>
    <string>headset</string>
    <string>speaker</string>
    <string>earpiece</string>
  </array>
  <key>profiles</key>
  <list>
    <key>stream in call</key>
    <list>
      <key>headset</key>
      <list>
        <key>point</key>
        <list>
          <key>index</key>
          <integer>1</integer>
          <key>db</key>
          <float>-49.5</float>
        </list>
        <key>point</key>
        <list>
          <key>index</key>
          <integer>33</integer>
          <key>db</key>
          <float>-33.5</float>
        </list>
        <key>point</key>
        <list>
          <key>index</key>
          <integer>66</integer>
          <key>db</key>
          <float>-17</float>
        </list>
        <key>point</key>
        <list>
          <key>index</key>
          <integer>100</integer>
          <key>db</key>
          <float>0</float>
        </list>
      </list>
      <key>speaker</key>
      <list>
        <key>point</key>
        <list>
          <key>index</key>
          <integer>1</integer>
          <key>db</key>
          <float>-49.5</float>
        </list>
        <key>point</key>
        <list>
          <key>index</key>
          <integer>33</integer>
          <key>db</key>
          <float>-33.5</float>
        </list>
        <key>point</key>
        <list>
          <key>index</key>
          <integer>66</integer>
          <key>db</key>
          <float>-17</float>
        </list>
        <key>point</key>
        <list>
          <key>index</key>
          <integer>100</integer>
          <key>db</key>
          <float>0</float>
        </list>
      </list>
      <key>earpiece</key>
      <list>
        <key>point</key>
        <list>
          <key>index</key>
          <integer>1</integer>
          <key>db</key>
          <float>-49.5</float>
        </list>
        <key>point</key>
        <list>
          <key>index</key>
          <integer>33</integer>
          <key>db</key>
          <float>-33.5</float>
        </list>
        <key>point</key>
        <list>
          <key>index</key>
          <integer>66</integer>
          <key>db</key>
          <float>-17</float>
        </list>
        <key>point</key>
        <list>
          <key>index</key>
          <integer>100</integer>
          <key>db</key>
          <float>0</float>
        </list>
      </list>
    </list>
    <key>stream system</key>
    <list>
      <key>headset</key>
      <list>
        <key>point</key>
        <list>
          <key>index</key>
          <integer>1</integer>
          <key>db</key>
          <float>-30</float>
        </list>
        <key>point</key>
        <list>
          <key>index</key>
          <integer>33</integer>
          <key>db</key>
          <float>-26</float>
        </list>
        <key>point</key>
        <list>
          <key>index</key>
          <integer>66</integer>
          <key>db</key>
          <float>-22</float>
        </list>
        <key>point</key>
        <list>
          <key>index</key>
          <integer>100</integer>
          <key>db</key>
          <float>-18</float>
        </list>
      </list>
      <key>speaker</key>
      <list>
        <key>point</key>
        <list>
          <key>index</key>
          <integer>1</integer>
          <key>db</key>
          <float>-24</float>
        </list>
        <key>point</key>
        <list>
          <key>index</key>
          <integer>33</integer>
          <key>db</key>
          <float>-18</float>
        </list>
        <key>point</key>
        <list>
          <key>index</key>
          <integer>66</integer>
          <key>db</key>
          <float>-12</float>
        </list>
        <key>point</key>
        <list>
          <key>index</key>
          <integer>100</integer>
          <key>db</key>
          <float>-6</float>
        </list>
      </list>
      <key>earpiece</key>
      <list>
        <key>point</key>
        <list>
          <key>index</key>
          <integer>1</integer>
          <key>db</key>
          <float>-24</float>
        </list>
        <key>point</key>
        <list>
          <key>index</key>
          <integer>33</integer>
          <key>db</key>
          <float>-18</float>
        </list>
        <key>point</key>
        <list>
          <key>index</key>
          <integer>66</integer>
          <key>db</key>
          <float>-12</float>
        </list>
        <key>point</key>
        <list>
          <key>index</key>
          <integer>100</integer>
          <key>db</key>
          <float>-6</float>
        </list>
      </list>
    </list>
    <key>stream ring</key>
    <list>
      <key>headset</key>
      <list>
        <key>point</key>
        <list>
          <key>index</key>
          <integer>1</integer>
          <key>db</key>
          <float>-49.5</float>
        </list>
        <key>point</key>
        <list>
          <key>index</key>
          <integer>33</integer>
          <key>db</key>
          <float>-33.5</float>
        </list>
        <key>point</key>
        <list>
          <key>index</key>
          <integer>66</integer>
          <key>db</key>
          <float>-17</float>
        </list>
        <key>point</key>
        <list>
          <key>index</key>
          <integer>100</integer>
          <key>db</key>
          <float>0</float>
        </list>
      </list>
      <key>speaker</key>
      <list>
        <key>point</key>
        <list>
          <key>index</key>
          <integer>1</integer>
          <key>db</key>
          <float>-29.7</float>
        </list>
        <key>point</key>
        <list>
          <key>index</key>
          <integer>33</integer>
          <key>db</key>
          <float>-20.1</float>
        </list>
        <key>point</key>
        <list>
          <key>index</key>
          <integer>66</integer>
          <key>db</key>
          <float>-10.2</float>
        </list>
        <key>point</key>
        <list>
          <key>index</key>
          <integer>100</integer>
          <key>db</key>
          <float>0</float>
        </list>
      </list>
      <key>earpiece</key>
      <list>
        <key>point</key>
        <list>
          <key>index</key>
          <integer>1</integer>
          <key>db</key>
          <float>-49.5</float>
        </list>
        <key>point</key>
        <list>
          <key>index</key>
          <integer>33</integer>
          <key>db</key>
          <float>-33.5</float>
        </list>
        <key>point</key>
        <list>
          <key>index</key>
          <integer>66</integer>
          <key>db</key>
          <float>-17</float>
        </list>
        <key>point</key>
        <list>
          <key>index</key>
          <integer>100</integer>
          <key>db</key>
          <float>0</float>
        </list>
      </list>
    </list>
    <key>stream music</key>
    <list>
      <key>headset</key>
      <list>
        <key>point</key>
        <list>
          <key>index</key>
          <integer>1</integer>
          <key>db</key>
          <float>-58</float>
        </list>
        <key>point</key>
        <list>
          <key>index</key>
          <integer>20</integer>
          <key>db</key>
          <float>-40</float>
        </list>
        <key>point</key>
        <list>
          <key>index</key>
          <integer>60</integer>
          <key>db</key>
          <float>-17</float>
        </list>
        <key>point</key>
        <list>
          <key>index</key>
          <integer>100</integer>
          <key>db</key>
          <float>0</float>
        </list>
      </list>
      <key>speaker</key>
      <list>
        <key>point</key>
        <list>
          <key>index</key>
          <integer>1</integer>
          <key>db</key>
          <float>-56</float>
        </list>
        <key>point</key>
        <list>
          <key>index</key>
          <integer>20</integer>
          <key>db</key>
          <float>-34</float>
        </list>
        <key>point</key>
        <list>
          <key>index</key>
          <integer>60</integer>
          <key>db</key>
          <float>-11</float>
        </list>
        <key>point</key>
        <list>
          <key>index</key>
          <integer>100</integer>
          <key>db</key>
          <float>0</float>
        </list>
      </list>
      <key>earpiece</key>
      <list>
        <key>point</key>
        <list>
          <key>index</key>
          <integer>1</integer>
          <key>db</key>
          <float>-58</float>
        </list>
        <key>point</key>
        <list>
          <key>index</key>
          <integer>20</integer>
          <key>db</key>
          <float>-40</float>
        </list>
        <key>point</key>
        <list>
          <key>index</key>
          <integer>60</integer>
          <key>db</key>
          <float>-17</float>
        </list>
        <key>point</key>
        <list>
          <key>index</key>
          <integer>100</integer>
          <key>db</key>
          <float>0</float>
        </list>
      </list>
    </list>
    <key>stream alarm</key>
    <list>
      <key>headset</key>
      <list>
        <key>point</key>
        <list>
          <key>index</key>
          <integer>1</integer>
          <key>db</key>
          <float>-49.5</float>
        </list>
        <key>point</key>
        <list>
          <key>index</key>
          <integer>33</integer>
          <key>db</key>
          <float>-33.5</float>
        </list>
        <key>point</key>
        <list>
          <key>index</key>
          <integer>66</integer>
          <key>db</key>
          <float>-17</float>
        </list>
        <key>point</key>
        <list>
          <key>index</key>
          <integer>100</integer>
          <key>db</key>
          <float>0</float>
        </list>
      </list>
      <key>speaker</key>
      <list>
        <key>point</key>
        <list>
          <key>index</key>
          <integer>1</integer>
          <key>db</key>
          <float>-29.7</float>
        </list>
        <key>point</key>
        <list>
          <key>index</key>
          <integer>33</integer>
          <key>db</key>
          <float>-20.1</float>
        </list>
        <key>point</key>
        <list>
          <key>index</key>
          <integer>66</integer>
          <key>db</key>
          <float>-10.2</float>
        </list>
        <key>point</key>
        <list>
          <key>index</key>
          <integer>100</integer>
          <key>db</key>
          <float>0</float>
        </list>
      </list>
      <key>earpiece</key>
      <list>
        <key>point</key>
        <list>
          <key>index</key>
          <integer>1</integer>
          <key>db</key>
          <float>-49.5</float>
        </list>
        <key>point</key>
        <list>
          <key>index</key>
          <integer>33</integer>
          <key>db</key>
          <float>-33.5</float>
        </list>
        <key>point</key>
        <list>
          <key>index</key>
          <integer>66</integer>
          <key>db</key>
          <float>-17</float>
        </list>
        <key>point</key>
        <list>
          <key>index</key>
          <integer>100</integer>
          <key>db</key>
          <float>0</float>
        </list>
      </list>
    </list>
    <key>stream notification</key>
    <list>
      <key>headset</key>
      <list>
        <key>point</key>
        <list>
          <key>index</key>
          <integer>1</integer>
          <key>db</key>
          <float>-49.5</float>
        </list>
        <key>point</key>
        <list>
          <key>index</key>
          <integer>33</integer>
          <key>db</key>
          <float>-33.5</float>
        </list>
        <key>point</key>
        <list>
          <key>index</key>
          <integer>66</integer>
          <key>db</key>
          <float>-17</float>
        </list>
        <key>point</key>
        <list>
          <key>index</key>
          <integer>100</integer>
          <key>db</key>
          <float>0</float>
        </list>
      </list>
      <key>speaker</key>
      <list>
        <key>point</key>
        <list>
          <key>index</key>
          <integer>1</integer>
          <key>db</key>
          <float>-29.7</float>
        </list>
        <key>point</key>
        <list>
          <key>index</key>
          <integer>33</integer>
          <key>db</key>
          <float>-20.1</float>
        </list>
        <key>point</key>
        <list>
          <key>index</key>
          <integer>66</integer>
          <key>db</key>
          <float>-10.2</float>
        </list>
        <key>point</key>
        <list>
          <key>index</key>
          <integer>100</integer>
          <key>db</key>
          <float>0</float>
        </list>
      </list>
      <key>earpiece</key>
      <list>
        <key>point</key>
        <list>
          <key>index</key>
          <integer>1</integer>
          <key>db</key>
          <float>-49.5</float>
        </list>
        <key>point</key>
        <list>
          <key>index</key>
          <integer>33</integer>
          <key>db</key>
          <float>-33.5</float>
        </list>
        <key>point</key>
        <list>
          <key>index</key>
          <integer>66</integer>
          <key>db</key>
          <float>-17</float>
        </list>
        <key>point</key>
        <list>
          <key>index</key>
          <integer>100</integer>
          <key>db</key>
          <float>0</float>
        </list>
      </list>
    </list>
    <key>stream bluetooth sco</key>
    <list>
      <key>headset</key>
      <list>
        <key>point</key>
        <list>
          <key>index</key>
          <integer>1</integer>
          <key>db</key>
          <float>-49.5</float>
        </list>
        <key>point</key>
        <list>
          <key>index</key>
          <integer>33</integer>
          <key>db</key>
          <float>-33.5</float>
        </list>
        <key>point</key>
        <list>
          <key>index</key>
          <integer>66</integer>
          <key>db</key>
          <float>-17</float>
        </list>
        <key>point</key>
        <list>
          <key>index</key>
          <integer>100</integer>
          <key>db</key>
          <float>0</float>
        </list>
      </list>
      <key>speaker</key>
      <list>
        <key>point</key>
        <list>
          <key>index</key>
          <integer>1</integer>
          <key>db</key>
          <float>-49.5</float>
        </list>
        <key>point</key>
        <list>
          <key>index</key>
          <integer>33</integer>
          <key>db</key>
          <float>-33.5</float>
        </list>
        <key>point</key>
        <list>
          <key>index</key>
          <integer>66</integer>
          <key>db</key>
          <float>-17</float>
        </list>
        <key>point</key>
        <list>
          <key>index</key>
          <integer>100</integer>
          <key>db</key>
          <float>0</float>
        </list>
      </list>
      <key>earpiece</key>
      <list>
        <key>point</key>
        <list>
          <key>index</key>
          <integer>1</integer>
          <key>db</key>
          <float>-49.5</float>
        </list>
        <key>point</key>
        <list>
          <key>index</key>
          <integer>33</integer>
          <key>db</key>
          <float>-33.5</float>
        </list>
        <key>point</key>
        <list>
          <key>index</key>
          <integer>66</integer>
          <key>db</key>
          <float>-17</float>
        </list>
        <key>point</key>
        <list>
          <key>index</key>
          <integer>100</integer>
          <key>db</key>
          <float>0</float>
        </list>
      </list>
    </list>
    <key>stream enforce audible</key>
    <list>
      <key>headset</key>
      <list>
        <key>point</key>
        <list>
          <key>index</key>
          <integer>1</integer>
          <key>db</key>
          <float>-30</float>
        </list>
        <key>point</key>
        <list>
          <key>index</key>
          <integer>33</integer>
          <key>db</key>
          <float>-26</float>
        </list>
        <key>point</key>
        <list>
          <key>index</key>
          <integer>66</integer>
          <key>db</key>
          <float>-22</float>
        </list>
        <key>point</key>
        <list>
          <key>index</key>
          <integer>100</integer>
          <key>db</key>
          <float>-18</float>
        </list>
      </list>
      <key>speaker</key>
      <list>
        <key>point</key>
        <list>
          <key>index</key>
          <integer>1</integer>
          <key>db</key>
          <float>-24</float>
        </list>
        <key>point</key>
        <list>
          <key>index</key>
          <integer>33</integer>
          <key>db</key>
          <float>-18</float>
        </list>
        <key>point</key>
        <list>
          <key>index</key>
          <integer>66</integer>
          <key>db</key>
          <float>-12</float>
        </list>
        <key>point</key>
        <list>
          <key>index</key>
          <integer>100</integer>
          <key>db</key>
          <float>-6</float>
        </list>
      </list>
      <key>earpiece</key>
      <list>
        <key>point</key>
        <list>
          <key>index</key>
          <integer>1</integer>
          <key>db</key>
          <float>-24</float>
        </list>
        <key>point</key>
        <list>
          <key>index</key>
          <integer>33</integer>
          <key>db</key>
          <float>-18</float>
        </list>
        <key>point</key>
        <list>
          <key>index</key>
          <integer>66</integer>
          <key>db</key>
          <float>-12</float>
        </list>
        <key>point</key>
        <list>
          <key>index</key>
          <integer>100</integer>
          <key>db</key>
          <float>-6</float>
        </list>
      </list>
    </list>
    <key>stream dtmf</key>
    <list>
      <key>headset</key>
      <list>
        <key>point</key>
        <list>
          <key>index</key>
          <integer>1</integer>
          <key>db</key>
          <float>-30</float>
        </list>
        <key>point</key>
        <list>
          <key>index</key>
          <integer>33</integer>
          <key>db</key>
          <float>-26</float>
        </list>
        <key>point</key>
        <list>
          <key>index</key>
          <integer>66</integer>
          <key>db</key>
          <float>-22</float>
        </list>
        <key>point</key>
        <list>
          <key>index</key>
          <integer>100</integer>
          <key>db</key>
          <float>-18</float>
        </list>
      </list>
      <key>speaker</key>
      <list>
        <key>point</key>
        <list>
          <key>index</key>
          <integer>1</integer>
          <key>db</key>
          <float>-24</float>
        </list>
        <key>point</key>
        <list>
          <key>index</key>
          <integer>33</integer>
          <key>db</key>
          <float>-18</float>
        </list>
        <key>point</key>
        <list>
          <key>index</key>
          <integer>66</integer>
          <key>db</key>
          <float>-12</float>
        </list>
        <key>point</key>
        <list>
          <key>index</key>
          <integer>100</integer>
          <key>db</key>
          <float>-6</float>
        </list>
      </list>
      <key>earpiece</key>
      <list>
        <key>point</key>
        <list>
          <key>index</key>
          <integer>1</integer>
          <key>db</key>
          <float>-24</float>
        </list>
        <key>point</key>
        <list>
          <key>index</key>
          <integer>33</integer>
          <key>db</key>
          <float>-18</float>
        </list>
        <key>point</key>
        <list>
          <key>index</key>
          <integer>66</integer>
          <key>db</key>
          <float>-12</float>
        </list>
        <key>point</key>
        <list>
          <key>index</key>
          <integer>100</integer>
          <key>db</key>
          <float>-6</float>
        </list>
      </list>
    </list>
    <key>stream tts</key>
    <list>
      <key>headset</key>
      <list>
        <key>point</key>
        <list>
          <key>index</key>
          <integer>1</integer>
          <key>db</key>
          <float>-58</float>
        </list>
        <key>point</key>
        <list>
          <key>index</key>
          <integer>20</integer>
          <key>db</key>
          <float>-40</float>
        </list>
        <key>point</key>
        <list>
          <key>index</key>
          <integer>60</integer>
          <key>db</key>
          <float>-17</float>
        </list>
        <key>point</key>
        <list>
          <key>index</key>
          <integer>100</integer>
          <key>db</key>
          <float>0</float>
        </list>
      </list>
      <key>speaker</key>
      <list>
        <key>point</key>
        <list>
          <key>index</key>
          <integer>1</integer>
          <key>db</key>
          <float>-56</float>
        </list>
        <key>point</key>
        <list>
          <key>index</key>
          <integer>20</integer>
          <key>db</key>
          <float>-34</float>
        </list>
        <key>point</key>
        <list>
          <key>index</key>
          <integer>60</integer>
          <key>db</key>
          <float>-11</float>
        </list>
        <key>point</key>
        <list>
          <key>index</key>
          <integer>100</integer>
          <key>db</key>
          <float>0</float>
        </list>
      </list>
      <key>earpiece</key>
      <list>
        <key>point</key>
        <list>
          <key>index</key>
          <integer>1</integer>
          <key>db</key>
          <float>-58</float>
        </list>
        <key>point</key>
        <list>
          <key>index</key>
          <integer>20</integer>
          <key>db</key>
          <float>-40</float>
        </list>
        <key>point</key>
        <list>
          <key>index</key>
          <integer>60</integer>
          <key>db</key>
          <float>-17</float>
        </list>
        <key>point</key>
        <list>
          <key>index</key>
          <integer>100</integer>
          <key>db</key>
          <float>0</float>
        </list>
      </list>
    </list>
    <key>stream fm</key>
    <list>
      <key>headset</key>
      <list>
        <key>point</key>
        <list>
          <key>index</key>
          <integer>1</integer>
          <key>db</key>
          <float>-58</float>
        </list>
        <key>point</key>
        <list>
          <key>index</key>
          <integer>20</integer>
          <key>db</key>
          <float>-40</float>
        </list>
        <key>point</key>
        <list>
          <key>index</key>
          <integer>60</integer>
          <key>db</key>
          <float>-17</float>
        </list>
        <key>point</key>
        <list>
          <key>index</key>
          <integer>100</integer>
          <key>db</key>
          <float>0</float>
        </list>
      </list>
      <key>speaker</key>
      <list>
        <key>point</key>
        <list>
          <key>index</key>
          <integer>1</integer>
          <key>db</key>
          <float>-56</float>
        </list>
        <key>point</key>
        <list>
          <key>index</key>
          <integer>20</integer>
          <key>db</key>
          <float>-34</float>
        </list>
        <key>point</key>
        <list>
          <key>index</key>
          <integer>60</integer>
          <key>db</key>
          <float>-11</float>
        </list>
        <key>point</key>
        <list>
          <key>index</key>
          <integer>100</integer>
          <key>db</key>
          <float>0</float>
        </list>
      </list>
      <key>earpiece</key>
      <list>
        <key>point</key>
        <list>
          <key>index</key>
          <integer>1</integer>
          <key>db</key>
          <float>-58</float>
        </list>
        <key>point</key>
        <list>
          <key>index</key>
          <integer>20</integer>
          <key>db</key>
          <float>-40</float>
        </list>
        <key>point</key>
        <list>
          <key>index</key>
          <integer>60</integer>
          <key>db</key>
          <float>-17</float>
        </list>
        <key>point</key>
        <list>
          <key>index</key>
          <integer>100</integer>
          <key>db</key>
          <float>0</float>
        </list>
      </list>
    </list>
  </list>
</list>
